{
  "config": {
    "data_path": "data\\raw\\german.data",
    "output_dir": "outputs\\final_run",
    "download_if_missing": false,
    "sensitive_attribute": "gender",
    "age_threshold": 25,
    "random_seed": 42,
    "train_ratio": 0.6,
    "val_ratio": 0.2,
    "test_ratio": 0.2,
    "learning_rate": 0.03,
    "epochs": 3500,
    "l2": 0.01,
    "noise_scale": 0.2,
    "category_swap_prob": 0.1,
    "permutation_repeats": 10,
    "postprocessing_criterion": "demographic_parity"
  },
  "dataset": {
    "rows": 1000,
    "positive_rate_default": 0.3,
    "sensitive_attribute": "gender",
    "privileged_group": "male",
    "split_sizes": {
      "train": 600,
      "val": 200,
      "test": 200
    },
    "sensitive_distribution_test": {
      "female": 0.31,
      "male": 0.69
    }
  },
  "scenarios": {
    "clean_test": {
      "baseline": {
        "threshold": 0.29000000000000004,
        "performance": {
          "accuracy": 0.71,
          "precision": 0.5121951219512195,
          "recall": 0.7,
          "specificity": 0.7142857142857143,
          "f1": 0.5915492957746479,
          "balanced_accuracy": 0.7071428571428571,
          "roc_auc": 0.79,
          "log_loss": 0.4909394601182727,
          "positive_prediction_rate": 0.41,
          "default_rate": 0.3
        },
        "fairness": {
          "privileged_group": "male",
          "comparison_group": "female",
          "group_metrics": {
            "female": {
              "count": 62.0,
              "base_rate": 0.43548387096774194,
              "selection_rate": 0.4838709677419355,
              "tpr": 0.7407407407407407,
              "fpr": 0.2857142857142857,
              "precision": 0.6666666666666666
            },
            "male": {
              "count": 138.0,
              "base_rate": 0.2391304347826087,
              "selection_rate": 0.37681159420289856,
              "tpr": 0.6666666666666666,
              "fpr": 0.2857142857142857,
              "precision": 0.4230769230769231
            }
          },
          "demographic_parity_difference": 0.10705937353903694,
          "abs_demographic_parity_difference": 0.10705937353903694,
          "demographic_parity_ratio": 1.284119106699752,
          "equal_opportunity_difference": 0.07407407407407407,
          "abs_equal_opportunity_difference": 0.07407407407407407,
          "average_odds_difference": 0.037037037037037035,
          "abs_average_odds_difference": 0.037037037037037035
        }
      },
      "fair_reweighing": {
        "threshold": 0.28,
        "performance": {
          "accuracy": 0.715,
          "precision": 0.5180722891566265,
          "recall": 0.7166666666666667,
          "specificity": 0.7142857142857143,
          "f1": 0.6013986013986015,
          "balanced_accuracy": 0.7154761904761905,
          "roc_auc": 0.7916666666666666,
          "log_loss": 0.4897196271032486,
          "positive_prediction_rate": 0.415,
          "default_rate": 0.3
        },
        "fairness": {
          "privileged_group": "male",
          "comparison_group": "female",
          "group_metrics": {
            "female": {
              "count": 62.0,
              "base_rate": 0.43548387096774194,
              "selection_rate": 0.4838709677419355,
              "tpr": 0.7407407407407407,
              "fpr": 0.2857142857142857,
              "precision": 0.6666666666666666
            },
            "male": {
              "count": 138.0,
              "base_rate": 0.2391304347826087,
              "selection_rate": 0.38405797101449274,
              "tpr": 0.696969696969697,
              "fpr": 0.2857142857142857,
              "precision": 0.4339622641509434
            }
          },
          "demographic_parity_difference": 0.09981299672744276,
          "abs_demographic_parity_difference": 0.09981299672744276,
          "demographic_parity_ratio": 1.2598904443091905,
          "equal_opportunity_difference": 0.04377104377104368,
          "abs_equal_opportunity_difference": 0.04377104377104368,
          "average_odds_difference": 0.02188552188552184,
          "abs_average_odds_difference": 0.02188552188552184
        }
      },
      "fair_postprocessing": {
        "threshold": 0.265,
        "group_thresholds": {
          "female": 0.22999999999999998,
          "male": 0.3
        },
        "performance": {
          "accuracy": 0.72,
          "precision": 0.5227272727272727,
          "recall": 0.7666666666666667,
          "specificity": 0.7,
          "f1": 0.6216216216216216,
          "balanced_accuracy": 0.7333333333333334,
          "roc_auc": 0.79,
          "log_loss": 0.4909394601182727,
          "positive_prediction_rate": 0.44,
          "default_rate": 0.3
        },
        "fairness": {
          "privileged_group": "male",
          "comparison_group": "female",
          "group_metrics": {
            "female": {
              "count": 62.0,
              "base_rate": 0.43548387096774194,
              "selection_rate": 0.5806451612903226,
              "tpr": 0.8888888888888888,
              "fpr": 0.34285714285714286,
              "precision": 0.6666666666666666
            },
            "male": {
              "count": 138.0,
              "base_rate": 0.2391304347826087,
              "selection_rate": 0.37681159420289856,
              "tpr": 0.6666666666666666,
              "fpr": 0.2857142857142857,
              "precision": 0.4230769230769231
            }
          },
          "demographic_parity_difference": 0.20383356708742406,
          "abs_demographic_parity_difference": 0.20383356708742406,
          "demographic_parity_ratio": 1.5409429280397022,
          "equal_opportunity_difference": 0.2222222222222222,
          "abs_equal_opportunity_difference": 0.2222222222222222,
          "average_odds_difference": 0.13968253968253969,
          "abs_average_odds_difference": 0.13968253968253969
        }
      }
    },
    "perturbed_test": {
      "baseline": {
        "threshold": 0.29000000000000004,
        "performance": {
          "accuracy": 0.72,
          "precision": 0.5256410256410257,
          "recall": 0.6833333333333333,
          "specificity": 0.7357142857142858,
          "f1": 0.5942028985507246,
          "balanced_accuracy": 0.7095238095238096,
          "roc_auc": 0.7651190476190476,
          "log_loss": 0.5155142465184721,
          "positive_prediction_rate": 0.39,
          "default_rate": 0.3
        },
        "fairness": {
          "privileged_group": "male",
          "comparison_group": "female",
          "group_metrics": {
            "female": {
              "count": 62.0,
              "base_rate": 0.43548387096774194,
              "selection_rate": 0.45161290322580644,
              "tpr": 0.7777777777777778,
              "fpr": 0.2,
              "precision": 0.75
            },
            "male": {
              "count": 138.0,
              "base_rate": 0.2391304347826087,
              "selection_rate": 0.36231884057971014,
              "tpr": 0.6060606060606061,
              "fpr": 0.2857142857142857,
              "precision": 0.4
            }
          },
          "demographic_parity_difference": 0.0892940626460963,
          "abs_demographic_parity_difference": 0.0892940626460963,
          "demographic_parity_ratio": 1.2464516129032257,
          "equal_opportunity_difference": 0.1717171717171717,
          "abs_equal_opportunity_difference": 0.1717171717171717,
          "average_odds_difference": 0.04300144300144301,
          "abs_average_odds_difference": 0.04300144300144301
        }
      },
      "fair_reweighing": {
        "threshold": 0.28,
        "performance": {
          "accuracy": 0.695,
          "precision": 0.49411764705882355,